"Timestamp","What age group do you fall in?","What is your sex?","Are you currently employed?","How would you rate the overall registration phase of the fitness app","Would you consider the registration to be easy to use?","Please specify why","Would you consider the images used helpful?","Would you consider the given information understandable?  ","What would you improve from the home page?","How well organised would you consider the calories page to be?","How helpful do you find the visualization of your daily calorie intake","The diagrams given are understandable.","There is too much information for one page.","How well do you think the workouts are organised?","How you rate the visual appeal?","How easy is the ""Join a Class"" page to use?","How visually appealing is the design of these pages?","How easy is the information on these pages to understand?","How easy is it to understand the information displayed on the ""Steps"" screen?","Is the graph easy to understand / helpful?","Is the design of the heartrate page good?","Rate the design of the app from 1 - 10","What do you like about the app?","What do you dislike about the app?","Would you want any new features added?","If so what?","Would you be open to doing an interview regarding this design?","If so please enter your email"
"2024/05/11 8:37:16 PM GMT+1","55+","Female","Retired","Very Good","Yes","the questions asked are very simple","Helpful","Yes","the weights icon is a little confusing","5","Somewhat Helpful","Agree","Agree","4","1","Easy","4","Hard","Very Easy","Yes","No","6","the various workouts available","the colour scheme is far too dark","Yes","add a light / dark mode","Yes","sarahsmith@gmail.com"
"2024/05/11 8:37:22 PM GMT+1","45-54","Female","Employed","Good","Yes","Very simple and easy to understand","Neutral","Yes","Icons ","4","Not helpful","Agree","Agree","4","4","Easy","8","Hard","Easy","Yes","Yes","8","like the simple design","sometimes too much information on one page","No","","No",""
"2024/05/11 8:46:15 PM GMT+1","18-20","Male","Student","Good","Yes","Not cluttered, clear and concise","Very Helpful","Yes","Improvement on aesthetics, perhaps more minimal colours/ format?","3","Very helpful","Agree","Agree","5","1","Easy","5","Neutral","Very Easy","Yes","Yes","6","Very practical and easy to use","The aesthetic, looks too 2009 ish ","No","","No",""
"2024/05/11 8:50:52 PM GMT+1","18-20","Male","Student","Neutral","Yes","","Helpful","Yes","","3","Neutral","Agree","Disagree","3","1","Easy","1","Hard","Easy","Yes","No","4","","","No","","No",""
"2024/05/11 9:12:00 PM GMT+1","18-20","Male","Employed","Neutral","Yes","Because there’s 2 buttons on the screen","Helpful","Yes","Text and layout looks very tacky","4","Somewhat Helpful","Agree","Agree","4","2","Easy","5","Neutral","Easy","Yes","Yes","5","Easty to use","Looks tacky","No","","No",""
"2024/05/12 3:45:12 PM GMT+1","26-30","Male","Employed","Neutral","Yes","","Helpful","Yes","make more modern
","4","Very helpful","Neutral","Agree","5","2","Very Easy","6","Very Easy","Very Easy","Yes","No","6","the simplicity ","its old fasioned","No","","Yes","abdulqadir@gmail.com"
"2024/05/12 3:49:02 PM GMT+1","30-45","Female","Employed","Very Good","Yes","its simple","Helpful","Yes","make the  colours used for pics more consistent with page colour scheme","5","Very helpful","Disagree","Strongly agree","4","1","Easy","7","Neutral","Very Easy","No","No","4","wide varity of things covered","the colour scheme is 90s ish","No","","No",""
"2024/05/12 3:53:10 PM GMT+1","21-25","Female","Student","Very Good","Yes","not alot of infromation making it easy to understand","Very Helpful","Yes","","5","Very helpful","Neutral","Neutral","3","2","Very Easy","5","Easy","Very Easy","No","No","6","wide variety of exercises and types","certain pages had too much information.","Yes","light and dark mode","Yes","angelaaderson@yahoo.com"
"2024/05/12 3:55:14 PM GMT+1","18-20","Male","Student","Very Good","Yes","","Very Helpful","Yes","","5","Very helpful","Disagree","Strongly agree","5","4","Very Easy","7","Very Easy","Very Easy","Yes","Yes","8","how consistent the colour patterns where","certain diagrams where hard to read","No","","Yes","abdulrahim@gmail.com"
"2024/05/12 3:57:08 PM GMT+1","18-20","Other","Unemployed","Very Good","Yes","","Very Helpful","Yes","","4","Neutral","Neutral","Neutral","4","3","Very Easy","6","Neutral","Easy","Yes","No","6","hide range of choices for exercise and classes","certain pages where more modern than others","No","","Yes","jordanally@gmail.com"
"2024/05/12 5:05:27 PM GMT+1","18-20","Male","Student","Very Good","Yes","sleek and easy to answer questions","Not Helpful","Yes","i think it the calorie widget could be more useful","4","Somewhat Helpful","Neutral","Strongly disagree","5","2","Easy","4","Hard","Very Easy","Yes","No","6","","","No","","No",""
"2024/05/12 5:12:17 PM GMT+1","21-25","Female","Student","Bad","Yes","maybe could just be one page","Helpful","Yes","i think it looks a bit tacky","4","Somewhat Helpful","Agree","Neutral","4","2","Hard","3","Hard","Very Easy","Yes","No","8","i like the features chosen","the design was inconsistent","Yes","different design modes (light + dark)","No",""
"2024/05/13 2:01:59 AM GMT+1","18-20","Male","Student","Good","Yes","Very clear ","Very Helpful","Yes","","5","Neutral","Agree","Agree","4","2","Easy","7","Easy","Very Easy","Yes","Yes","7","","","Yes","Streak system ","No",""
"2024/05/13 6:52:38 PM GMT+1","18-20","Male","Student","Good","Yes","simple ","Not Helpful","Yes","widgets for community or workouts could give some information","4","Somewhat Helpful","Agree","Neutral","4","2","Neutral","2","Hard","Very Easy","Yes","No","6","","","No","","No",""
"2024/05/13 8:32:37 PM GMT+1","21-25","Female","Student","Neutral","Yes","i like that can go back if make an error ","Neutral","Yes","looks slightly bad and not fun to use - maybe too much on the page","4","Not helpful","Disagree","Agree","4","3","Neutral","1","Hard","Very Easy","Yes","No","5","colour scheme, some features looked well made and good to use","at some points design was inconsistent and felt slightly cluttered","No","","No",""